{
    "controllers": [
        "738339287233200128"
    ],
    "controllers_info": {
        "738339287233200128": {
            "added": 1653206731,
            "added_by": "0",
            "commands": [
                [
                    1653209639,
                    "grank help"
                ],
                [
                    1653209761,
                    "grank help"
                ],
                [
                    1653209811,
                    "grank help"
                ],
                [
                    1653209822,
                    "grank info"
                ],
                [
                    1653226766,
                    "grank info"
                ],
                [
                    1653226769,
                    "grank start"
                ],
                [
                    1653502860,
                    "grank help"
                ],
                [
                    1653587583,
                    "grank help"
                ],
                [
                    1653587589,
                    "grank stop"
                ],
                [
                    1653587591,
                    "grank start"
                ],
                [
                    1653667239,
                    "grank stop"
                ],
                [
                    1653677099,
                    "grank shifts -help"
                ],
                [
                    1653677755,
                    "grank shifts"
                ],
                [
                    1653723204,
                    "grank info"
                ],
                [
                    1653725986,
                    "grank commands -help"
                ],
                [
                    1653725991,
                    "grank commands"
                ],
                [
                    1653738182,
                    "grank stop"
                ],
                [
                    1653740364,
                    "grank start"
                ],
                [
                    1653744124,
                    "grank help"
                ],
                [
                    1653744126,
                    "grank info"
                ],
                [
                    1653744198,
                    "grank info"
                ],
                [
                    1653744667,
                    "grank info"
                ],
                [
                    1653750482,
                    "grank info"
                ],
                [
                    1653750799,
                    "grank info"
                ],
                [
                    1653753108,
                    "grank info"
                ],
                [
                    1653753146,
                    "grank info"
                ],
                [
                    1653753194,
                    "grank info"
                ],
                [
                    1653753239,
                    "grank info"
                ],
                [
                    1653753329,
                    "grank info"
                ],
                [
                    1653753411,
                    "grank info"
                ],
                [
                    1653753511,
                    "grank info"
                ],
                [
                    1653753568,
                    "grank info"
                ],
                [
                    1653753695,
                    "grank info"
                ],
                [
                    1653753704,
                    "grank info"
                ],
                [
                    1653753712,
                    "grank info"
                ],
                [
                    1653753783,
                    "grank info"
                ],
                [
                    1653753789,
                    "grank info"
                ],
                [
                    1653753791,
                    "grank info"
                ],
                [
                    1653753853,
                    "grank info"
                ],
                [
                    1653753855,
                    "grank info"
                ],
                [
                    1653753856,
                    "grank info"
                ],
                [
                    1653753859,
                    "grank info"
                ],
                [
                    1653753861,
                    "grank info"
                ],
                [
                    1653753863,
                    "grank info"
                ],
                [
                    1653753865,
                    "grank info"
                ],
                [
                    1653753873,
                    "grank info"
                ],
                [
                    1653753874,
                    "grank info"
                ],
                [
                    1653753876,
                    "grank info"
                ],
                [
                    1653753876,
                    "grank info"
                ],
                [
                    1653753877,
                    "grank info"
                ],
                [
                    1653753878,
                    "grank info"
                ],
                [
                    1653753879,
                    "grank info"
                ],
                [
                    1653753880,
                    "grank info"
                ],
                [
                    1653754414,
                    "grank stats"
                ],
                [
                    1653754419,
                    "grank info"
                ],
                [
                    1653754775,
                    "grank info"
                ],
                [
                    1653754955,
                    "grank stop"
                ],
                [
                    1653756098,
                    "grank stop"
                ],
                [
                    1653758434,
                    "grank info"
                ],
                [
                    1653758446,
                    "grank info"
                ],
                [
                    1653758457,
                    "grank info"
                ],
                [
                    1653758466,
                    "grank info"
                ],
                [
                    1653758470,
                    "grank info"
                ],
                [
                    1653758472,
                    "grank info"
                ],
                [
                    1653758473,
                    "grank info"
                ],
                [
                    1653758475,
                    "grank info"
                ],
                [
                    1653758476,
                    "grank info"
                ],
                [
                    1653758479,
                    "grank info"
                ],
                [
                    1653758480,
                    "grank info"
                ],
                [
                    1653758483,
                    "grank info"
                ],
                [
                    1653760493,
                    "grank help"
                ],
                [
                    1653760496,
                    "grank info"
                ],
                [
                    1653760526,
                    "grank start"
                ],
                [
                    1653760649,
                    "grank info"
                ],
                [
                    1653810538,
                    "grank info"
                ],
                [
                    1653810545,
                    "grank info"
                ],
                [
                    1653810546,
                    "grank info"
                ],
                [
                    1653810548,
                    "grank info"
                ],
                [
                    1653810548,
                    "grank info"
                ],
                [
                    1653814696,
                    "grank info"
                ],
                [
                    1653815551,
                    "grank info"
                ],
                [
                    1653818526,
                    "grank stop"
                ],
                [
                    1653818538,
                    "grank start"
                ],
                [
                    1653818549,
                    "grank stop"
                ],
                [
                    1653820335,
                    "grank start"
                ],
                [
                    1653831410,
                    "grank stop"
                ],
                [
                    1653831458,
                    "grank stop"
                ],
                [
                    1653832407,
                    "grank info"
                ],
                [
                    1653832423,
                    "grank info"
                ],
                [
                    1653832431,
                    "grank help"
                ],
                [
                    1653832454,
                    "grank inf"
                ],
                [
                    1653832468,
                    "grank info"
                ],
                [
                    1653832471,
                    "grank info"
                ],
                [
                    1653832472,
                    "grank info"
                ],
                [
                    1653832474,
                    "grank info"
                ],
                [
                    1653832476,
                    "grank info"
                ],
                [
                    1653832478,
                    "grank info"
                ],
                [
                    1653832480,
                    "grank info"
                ],
                [
                    1653832481,
                    "grank info"
                ],
                [
                    1653832483,
                    "grank info"
                ],
                [
                    1653832485,
                    "grank info"
                ],
                [
                    1653832486,
                    "grank info"
                ],
                [
                    1653832489,
                    "grank infogrank info"
                ],
                [
                    1653832492,
                    "grank info"
                ],
                [
                    1653832493,
                    "grank info"
                ],
                [
                    1653832495,
                    "grank info"
                ],
                [
                    1653832497,
                    "grank info"
                ],
                [
                    1653832499,
                    "grank info"
                ],
                [
                    1653889179,
                    "grank commands"
                ],
                [
                    1653889201,
                    "grank commands"
                ],
                [
                    1653889212,
                    "grank help"
                ],
                [
                    1653889240,
                    "grank shifts"
                ],
                [
                    1653889256,
                    "grank help"
                ],
                [
                    1653889357,
                    "grank help"
                ],
                [
                    1653889468,
                    "grank help"
                ],
                [
                    1653889564,
                    "grank help"
                ],
                [
                    1653889639,
                    "grank help"
                ],
                [
                    1653889706,
                    "grank help"
                ],
                [
                    1653889743,
                    "grank info"
                ],
                [
                    1653889812,
                    "grank commands"
                ],
                [
                    1653889839,
                    "grank commands disable"
                ],
                [
                    1653889857,
                    "grank commands -help"
                ],
                [
                    1653889883,
                    "grank config.custom_commands.enabled = False"
                ],
                [
                    1653889985,
                    "grank config.custom_commands.enabled = False"
                ],
                [
                    1654079575,
                    "grank help"
                ],
                [
                    1654256232,
                    "grank stop"
                ],
                [
                    1654259215,
                    "grank start"
                ],
                [
                    1654259599,
                    "grank stop"
                ],
                [
                    1654273145,
                    "grank start"
                ],
                [
                    1654273149,
                    "grank info"
                ],
                [
                    1654273156,
                    "grank info"
                ],
                [
                    1654273172,
                    "grank stop"
                ],
                [
                    1654273215,
                    "grank stop"
                ],
                [
                    1654275492,
                    "grank stop"
                ],
                [
                    1654275669,
                    "grank info"
                ],
                [
                    1654275703,
                    "grank info"
                ],
                [
                    1654275724,
                    "grank help"
                ],
                [
                    1654276070,
                    "grank help"
                ],
                [
                    1654278957,
                    "grank stop"
                ],
                [
                    1654279100,
                    "grank stop"
                ],
                [
                    1654334860,
                    "grank info"
                ],
                [
                    1654344276,
                    "grank info"
                ],
                [
                    1654344297,
                    "grank help"
                ],
                [
                    1654361218,
                    "grank stop"
                ]
            ]
        }
    }
}