{
    "price": {
        "shovel": 25000,
        "fishing pole": 25000,
        "hunting rifle": 25000,
        "mouse": 100000,
        "keyboard": 100000,
        "adventure ticket": 200000
    },
    "shifts": {
        "state": "active",
        "shift": 2,
        "active": "2022-06-01 11:03:03.259894",
        "passive": "2000-01-01 00:00:00.00"
    },
    "cooldowns": {
        "adventure": "2022-06-04 17:46:17.178820",
        "beg": "2022-06-04 17:46:54.658068",
        "blackjack": "2000-01-01 00:00:00.00",
        "crime": "2022-06-04 17:46:32.794863",
        "daily": "2022-06-04 16:06:57.567544",
        "dig": "2022-06-04 17:46:33.787168",
        "fish": "2022-06-04 17:46:34.573263",
        "guess": "2000-01-01 00:00:00.00",
        "highlow": "2022-06-04 17:46:52.100155",
        "hunt": "2022-06-04 17:46:35.450862",
        "lottery": "2000-01-01 00:00:00.00",
        "postmeme": "2022-06-04 17:46:44.811937",
        "search": "2022-06-04 17:46:58.154043",
        "snakeeyes": "2000-01-01 00:00:00.00",
        "stream": "2000-01-01 00:00:00.00",
        "trivia": "2022-06-04 17:46:56.613758",
        "work": "2022-06-04 16:49:56.706353",
        "vote": "2022-06-04 09:37:21.947060"
    },
    "confirmations": "True",
    "custom command cooldowns": {
        "pls_buy_life_1": "2022-06-04 17:45:38.203722",
        "pls_dep_max": "2022-06-04 17:46:10.730688"
    }
}