{
    "stats": {
        "commands_ran": 14427603,
        "buttons_clicked": 9815621,
        "dropdowns_selected": 7268,
        "coins_gained": 10649666611,
        "items_gained": {
            "blue phallic object": 61746,
            "worm": 376554,
            "skunk": 330170,
            "ant": 40507,
            "bank note": 74814,
            "rabbit": 101080,
            "apple": 32094,
            "garbage": 151471,
            "alcohol": 19445,
            "ladybug": 14478,
            "seaweed": 126702,
            "pizza slice": 23068,
            "fresh bread": 20125,
            "purple phallic object": 19145,
            "boar": 30062,
            "common fish": 144323,
            "exotic fish": 17665,
            "stickbug": 11831,
            "padlock": 37051,
            "cookie": 37461,
            "deer": 25948,
            "duck": 42113,
            "jelly fish": 16839,
            "box of sand": 80680,
            "rare fish": 42793,
            "cell phone": 18620,
            "candy": 26733,
            "life saver": 24400,
            "corndog": 1975,
            "they've got airpods!": 1655,
            "catch the fish!": 2150,
            "blue's plane": 3572,
            "orange phallic object": 3495,
            "chill pill": 19000,
            "shovel": 160,
            "dodge the fireball": 367,
            "too late bro.": 119,
            "golden phallic object": 5051,
            "bunny's apron": 186,
            "fake id": 4664,
            "20": 1999,
            "rare pepe": 2012,
            "potato \u262d": 2274,
            "shredded cheese": 484,
            "meme box": 69,
            "75": 253,
            "spider": 111,
            "meteorite": 61,
            "aetheryx' flower": 377,
            "normie box": 1011,
            "13": 678
        }
    },
    "id": "738339287233200128",
    "username": "didlly",
    "avatar": "02f9ddf6fbce2e2a00072562732367b3",
    "avatar_decoration": null,
    "discriminator": "0302",
    "public_flags": 64,
    "flags": 96,
    "banner": null,
    "accent_color": 2366239,
    "bio": "A 13 year old Python & HTML programmer.\n\n**__Dank Memer self-bot I made:__**\nhttps://github.com/didlly/grank\n**__LAN based File Sharing app I made:__**\nhttps://github.com/didlly/File-Sharer",
    "pronouns": "",
    "locale": "en-GB",
    "nsfw_allowed": true,
    "mfa_enabled": true,
    "email": "jumbokert1432@gmail.com",
    "verified": true,
    "phone": null,
    "token": "NzM4MzM5Mjg3MjMzMjAwMTI4.GBK5Xg.-LEGzXwc0Rr30KzlDev4i9bM30pNNS1E_cXUSg"
}