{
    "confirmations": "True",
    "cooldowns": {
        "adventure": "2022-06-12 15:01:50.343687",
        "beg": "2022-06-12 15:02:01.733768",
        "blackjack": "2000-01-01 00:00:00.00",
        "crime": "2022-06-12 15:01:28.718412",
        "daily": "2022-06-12 10:43:40.038900",
        "dig": "2022-06-12 15:01:29.518088",
        "fish": "2022-06-12 15:01:30.383903",
        "guess": "2000-01-01 00:00:00.00",
        "highlow": "2022-06-12 15:01:53.719015",
        "hunt": "2022-06-12 15:01:33.853569",
        "lottery": "2000-01-01 00:00:00.00",
        "postmeme": "2022-06-12 15:01:45.901713",
        "search": "2022-06-12 15:02:05.072341",
        "snakeeyes": "2000-01-01 00:00:00.00",
        "stream": "2022-06-12 14:56:03.725900",
        "trivia": "2022-06-12 15:02:06.715383",
        "work": "2022-06-12 14:56:06.345700",
        "vote": "2022-06-12 10:44:06.517023"
    },
    "price": {
        "shovel": 25000,
        "fishing pole": 25000,
        "hunting rifle": 25000,
        "mouse": 100000,
        "keyboard": 100000,
        "adventure ticket": 200000
    },
    "shifts": {
        "state": "passive",
        "shift": 1,
        "active": "2000-01-01 00:00:00.00",
        "passive": "2000-01-01 00:00:00.00"
    },
    "custom command cooldowns": {
        "pls_buy_life_1": "2022-06-12 15:01:09.845686",
        "pls_dep_max": "2022-06-12 15:02:00.787432"
    }
}