{
    "id": "975378549370392616",
    "username": "cheppy",
    "avatar": null,
    "avatar_decoration": null,
    "discriminator": "0926",
    "public_flags": 0,
    "flags": 0,
    "banner": null,
    "banner_color": null,
    "accent_color": null,
    "bio": "",
    "pronouns": "",
    "locale": "en-GB",
    "nsfw_allowed": true,
    "mfa_enabled": false,
    "email": "cheppier@protonmail.com",
    "verified": false,
    "phone": null,
    "token": "OTc1Mzc4NTQ5MzcwMzkyNjE2.GllwDM.Qbd35VXjZukjf0a6cinE9BSsPqi3GcdXDyQh5E",
    "stats": {
        "commands_ran": 19503012,
        "buttons_clicked": 13143739,
        "dropdowns_selected": 19251,
        "coins_gained": 12511434359,
        "items_gained": {
            "worm": 543023,
            "padlock": 67216,
            "cell phone": 15993,
            "skunk": 461225,
            "garbage": 231390,
            "golden phallic object": 5191,
            "box of sand": 137603,
            "alcohol": 38231,
            "rabbit": 165790,
            "ant": 64288,
            "fake id": 5650,
            "bank note": 104019,
            "common fish": 176686,
            "pizza slice": 38833,
            "seaweed": 198320,
            "stickbug": 34880,
            "fresh bread": 30150,
            "jelly fish": 31224,
            "deer": 29514,
            "apple": 34618,
            "purple phallic object": 28975,
            "duck": 74108,
            "too late bro.": 1263,
            "exotic fish": 32918,
            "blue phallic object": 93590,
            "rare fish": 64814,
            "boar": 20834,
            "life saver": 38817,
            "cookie": 35234,
            "candy": 47572,
            "chill pill": 18029,
            "ladybug": 25634,
            "potato \u262d": 1639,
            "catch the fish!": 1149,
            "blue's plane": 6588,
            "rare pepe": 2794,
            "type": 281,
            "spider": 2233,
            "they've got airpods!": 2355,
            "normie box": 3192,
            "orange phallic object": 2533,
            "duct tape": 158,
            "shredded cheese": 6051,
            "bunny's apron": 918,
            "corndog": 6842,
            "remember words order!\n`dirty`\n`stickbug`\n`ant`\n`sift`\n`unearth`": 1824,
            "trivia night": 2523,
            "dodge the fireball": 1423,
            "meme box": 661,
            "remember words order!\n`burrow`\n`ground`\n`sift`\n`dirty`\n`uncover`": 137,
            "64": 67,
            "armpit hair": 74,
            "shovel": 606,
            "yeng gang": 568,
            "f": 87
        }
    }
}