{
    "controllers": [
        "0"
    ],
    "controllers_info": {
        "738339287233200128": {
            "added": 1653206732,
            "added_by": "738339287233200128",
            "commands": [
                [
                    1653209866,
                    "grank help"
                ],
                [
                    1653209869,
                    "grank info"
                ],
                [
                    1653212235,
                    "grank database"
                ],
                [
                    1653214965,
                    "grank stop"
                ],
                [
                    1653226714,
                    "grank info"
                ],
                [
                    1653502899,
                    "grank help"
                ],
                [
                    1653503131,
                    "grank help"
                ],
                [
                    1653503417,
                    "grank help"
                ],
                [
                    1653503542,
                    "grank help"
                ],
                [
                    1653503664,
                    "grank help"
                ],
                [
                    1653579265,
                    "grank help"
                ],
                [
                    1653579364,
                    "grank help"
                ],
                [
                    1653579433,
                    "grank help"
                ],
                [
                    1653579530,
                    "grank help"
                ],
                [
                    1653579561,
                    "grank help"
                ],
                [
                    1653584237,
                    "grank help"
                ],
                [
                    1653584335,
                    "grank help"
                ],
                [
                    1653584376,
                    "grank help"
                ],
                [
                    1653585466,
                    "grank help"
                ],
                [
                    1653585544,
                    "grank help"
                ],
                [
                    1653585557,
                    "grank start"
                ],
                [
                    1653585565,
                    "grank stop"
                ],
                [
                    1653585647,
                    "grank help"
                ],
                [
                    1653585652,
                    "grank start"
                ],
                [
                    1653585656,
                    "grank stop"
                ],
                [
                    1653586205,
                    "grank info"
                ],
                [
                    1653586212,
                    "grank stop"
                ],
                [
                    1653586234,
                    "grank start"
                ],
                [
                    1653586346,
                    "grank stop"
                ],
                [
                    1653586348,
                    "grank start"
                ],
                [
                    1653586484,
                    "grank stop"
                ],
                [
                    1653586485,
                    "grank start"
                ]
            ]
        }
    }
}