{
    "confirmations": "True",
    "price": {
        "shovel": 25000,
        "fishing pole": 25000,
        "hunting rifle": 25000,
        "mouse": 100000,
        "keyboard": 100000,
        "adventure ticket": 200000
    },
    "shifts": {
        "state": "passive",
        "shift": 1,
        "active": "2000-01-01 00:00:00.00",
        "passive": "2000-01-01 00:00:00.00"
    },
    "cooldowns": {
        "adventure": "2022-06-08 17:55:14.084932",
        "beg": "2022-06-08 17:59:53.303431",
        "blackjack": "2000-01-01 00:00:00.00",
        "crime": "2022-06-08 17:59:55.340142",
        "daily": "2022-06-08 17:45:03.194383",
        "dig": "2022-06-08 17:59:56.382274",
        "fish": "2022-06-08 17:59:57.472631",
        "guess": "2000-01-01 00:00:00.00",
        "highlow": "2022-06-08 18:00:00.658861",
        "hunt": "2022-06-08 18:00:01.725557",
        "lottery": "2000-01-01 00:00:00.00",
        "postmeme": "2022-06-08 17:59:30.589152",
        "search": "2022-06-08 17:59:33.340439",
        "snakeeyes": "2000-01-01 00:00:00.00",
        "stream": "2000-01-01 00:00:00.00",
        "trivia": "2022-06-08 17:59:52.114340",
        "work": "2022-06-08 17:45:31.870795",
        "vote": "2022-06-08 17:45:29.771798"
    },
    "custom command cooldowns": {
        "pls_buy_life_1": "2022-06-08 17:55:12.484438",
        "pls_dep_max": "2022-06-08 17:59:43.330779"
    }
}