{
    "id": "967751090907009064",
    "username": "lonekee",
    "avatar": null,
    "avatar_decoration": null,
    "discriminator": "6150",
    "public_flags": 0,
    "flags": 0,
    "banner": null,
    "banner_color": null,
    "accent_color": null,
    "bio": "",
    "pronouns": "",
    "locale": "en-GB",
    "nsfw_allowed": true,
    "mfa_enabled": false,
    "email": "deepinord@gmail.com",
    "verified": true,
    "phone": null,
    "token": "OTY3NzUxMDkwOTA3MDA5MDY0.GuGt9k.RO5_eJNdOKb7sgMG0wxGlu-5KD3ZyQw84Si5FU",
    "stats": {
        "commands_ran": 21033180,
        "buttons_clicked": 14282982,
        "dropdowns_selected": 7190,
        "coins_gained": 13993346370,
        "items_gained": {
            "worm": 594509,
            "skunk": 468436,
            "garbage": 228499,
            "jelly fish": 28714,
            "rabbit": 155403,
            "seaweed": 192921,
            "common fish": 185356,
            "boar": 39036,
            "cookie": 42832,
            "blue phallic object": 88038,
            "duck": 66291,
            "rare fish": 62188,
            "bank note": 116031,
            "padlock": 67382,
            "box of sand": 134234,
            "purple phallic object": 36456,
            "pizza slice": 42307,
            "ladybug": 31545,
            "fresh bread": 36612,
            "alcohol": 31000,
            "life saver": 28745,
            "ant": 63190,
            "catch the fish!": 1924,
            "exotic fish": 33031,
            "deer": 38118,
            "apple": 48732,
            "rare pepe": 3222,
            "candy": 44541,
            "stickbug": 27238,
            "cell phone": 30904,
            "golden phallic object": 8372,
            "fake id": 5837,
            "chill pill": 19978,
            "aetheryx' flower": 437,
            "orange phallic object": 5328,
            "normie box": 8628,
            "shovel": 1478,
            "dodge the fireball": 4066,
            "shredded cheese": 1733,
            "blue's plane": 3267,
            "remember words order!\n`sift`\n`ground`\n`stickbug`\n`spider`\n`dirty`": 1530,
            "spider": 1147,
            "potato \u262d": 1799,
            "bunny's apron": 4020,
            "remember words order!\n`ant`\n`ladybug`\n`trowel`\n`dirty`\n`unearth`": 125,
            "corndog": 2458,
            "blackhole": 113
        }
    }
}