{
    "confirmations": "False",
    "price": {
        "shovel": 25000,
        "fishing pole": 25000,
        "hunting rifle": 25000,
        "mouse": 100000,
        "keyboard": 100000,
        "adventure ticket": 200000
    },
    "shifts": {
        "state": "passive",
        "shift": 1,
        "active": "2000-01-01 00:00:00.00",
        "passive": "2000-01-01 00:00:00.00"
    },
    "cooldowns": {
        "adventure": "2000-01-01 00:00:00.00",
        "beg": "2000-01-01 00:00:00.00",
        "blackjack": "2000-01-01 00:00:00.00",
        "crime": "2000-01-01 00:00:00.00",
        "daily": "2000-01-01 00:00:00.00",
        "dig": "2000-01-01 00:00:00.00",
        "fish": "2000-01-01 00:00:00.00",
        "guess": "2000-01-01 00:00:00.00",
        "highlow": "2000-01-01 00:00:00.00",
        "hunt": "2000-01-01 00:00:00.00",
        "lottery": "2000-01-01 00:00:00.00",
        "postmeme": "2000-01-01 00:00:00.00",
        "search": "2000-01-01 00:00:00.00",
        "snakeeyes": "2000-01-01 00:00:00.00",
        "stream": "2000-01-01 00:00:00.00",
        "trivia": "2000-01-01 00:00:00.00",
        "vote": "2000-01-01 00:00:00.00",
        "work": "2000-01-01 00:00:00.00"
    },
    "custom command cooldowns": {}
}