{
    "confirmations": "True",
    "price": {
        "shovel": 25000,
        "fishing pole": 25000,
        "hunting rifle": 25000,
        "mouse": 100000,
        "keyboard": 100000,
        "adventure ticket": 200000
    },
    "shifts": {
        "state": "passive",
        "shift": 1,
        "active": "2000-01-01 00:00:00.00",
        "passive": "2000-01-01 00:00:00.00"
    },
    "cooldowns": {
        "adventure": "2022-06-12 15:01:48.674400",
        "beg": "2022-06-12 15:01:55.022993",
        "blackjack": "2000-01-01 00:00:00.00",
        "crime": "2022-06-12 15:02:04.727103",
        "daily": "2022-06-12 10:43:38.608852",
        "dig": "2022-06-12 15:02:05.557117",
        "fish": "2022-06-12 15:01:34.057554",
        "guess": "2000-01-01 00:00:00.00",
        "highlow": "2022-06-12 15:01:52.491815",
        "hunt": "2022-06-12 15:01:33.255760",
        "lottery": "2000-01-01 00:00:00.00",
        "postmeme": "2022-06-12 15:01:35.943119",
        "search": "2022-06-12 15:01:57.297166",
        "snakeeyes": "2000-01-01 00:00:00.00",
        "stream": "2022-06-12 14:56:00.198651",
        "trivia": "2022-06-12 15:02:01.353569",
        "work": "2022-06-12 14:56:14.788971",
        "vote": "2022-06-12 10:44:46.399010"
    },
    "custom command cooldowns": {
        "pls_buy_life_1": "2022-06-12 15:01:17.161247",
        "pls_dep_max": "2022-06-12 15:02:02.230579"
    }
}