{
    "id": "975377761411690516",
    "username": "aolesgo",
    "avatar": null,
    "avatar_decoration": null,
    "discriminator": "3105",
    "public_flags": 0,
    "flags": 0,
    "banner": null,
    "banner_color": null,
    "accent_color": null,
    "bio": "",
    "pronouns": "",
    "locale": "en-GB",
    "nsfw_allowed": true,
    "mfa_enabled": false,
    "email": "didlly@protonmail.com",
    "verified": false,
    "phone": null,
    "token": "OTc1Mzc3NzYxNDExNjkwNTE2.GHyWbb.hkUSyROGI5QEJPnJaN7Y3Uo46xr7CmFxBhapxo",
    "stats": {
        "commands_ran": 20278138,
        "buttons_clicked": 13767549,
        "dropdowns_selected": 11355,
        "coins_gained": 13191071405,
        "items_gained": {
            "worm": 525876,
            "skunk": 451163,
            "garbage": 177046,
            "jelly fish": 36859,
            "rabbit": 156390,
            "seaweed": 174575,
            "common fish": 199590,
            "boar": 29868,
            "cookie": 42574,
            "blue phallic object": 103564,
            "duck": 64846,
            "rare fish": 46380,
            "bank note": 111655,
            "padlock": 65508,
            "box of sand": 150450,
            "purple phallic object": 31893,
            "pizza slice": 28418,
            "ladybug": 24906,
            "fresh bread": 41900,
            "alcohol": 33208,
            "life saver": 40877,
            "ant": 58449,
            "catch the fish!": 2947,
            "exotic fish": 42998,
            "deer": 34798,
            "apple": 50796,
            "rare pepe": 1367,
            "candy": 40172,
            "stickbug": 23696,
            "cell phone": 38726,
            "golden phallic object": 5965,
            "chill pill": 12881,
            "royal scepter": 194,
            "shovel": 923,
            "fake id": 6984,
            "corndog": 4532,
            "orange phallic object": 5084,
            "shredded cheese": 4628,
            "dodge the fireball": 4839,
            "potato \u262d": 3862,
            "aetheryx' flower": 1408,
            "blue's plane": 1498,
            "normie box": 1954,
            "spider": 1036,
            "bunny's apron": 35,
            "meteorite": 1146,
            "shootingstar": 810,
            "blackhole": 1146,
            "trivia night": 41
        }
    }
}